{"cameraMode":{"drawMode":0,"name":"Shaded","section":"Shading Mode"},"sceneLighting":true,"audioPlay":false,"sceneViewState":{"showFog":true,"showMaterialUpdate":false,"showSkybox":true,"showFlares":true,"showImageEffects":true,"showParticleSystems":true},"in2DMode":false,"pivot":{"x":2.1019067764282228,"y":5.1639862060546879,"z":0.17958736419677735},"rotation":{"x":-0.011100736446678639,"y":0.013498658314347268,"z":0.00014909537276253104,"w":0.9998512268066406},"size":8.501192092895508,"orthographic":false}